{
  "aggregation": {
    "onet_occupations": 894,
    "census_occupations": 447
  },
  "correlation_check": {
    "onet_level": 0.35769176968294447,
    "census_level": 0.3435792662766559,
    "signal_smearing": 0.0,
    "acceptable": 1.0
  },
  "scenarios": [
    {
      "n_transitions": 18458,
      "alpha_mean": 1.974939403713827,
      "alpha_std": 0.06345942918183656,
      "beta_mean": 0.9957709727774227,
      "beta_std": 0.010914197342573415,
      "alpha_bias": -0.025060596286172965,
      "beta_bias": -0.004229027222577342,
      "success": 1.0,
      "scenario": "Pessimistic (0.5% switch)",
      "expected_transitions": 18600
    },
    {
      "n_transitions": 31400,
      "alpha_mean": 2.0170846435527023,
      "alpha_std": 0.021865227450126968,
      "beta_mean": 1.000755895613246,
      "beta_std": 0.008001745426350747,
      "alpha_bias": 0.01708464355270234,
      "beta_bias": 0.0007558956132460715,
      "success": 1.0,
      "scenario": "Moderate (0.75% switch)",
      "expected_transitions": 31387
    },
    {
      "n_transitions": 9253,
      "alpha_mean": 2.0034734139486763,
      "alpha_std": 0.1145414993844687,
      "beta_mean": 1.004956826243321,
      "beta_std": 0.008672396698676187,
      "alpha_bias": 0.003473413948676285,
      "beta_bias": 0.004956826243321055,
      "success": 1.0,
      "scenario": "After filter (0.25% switch)",
      "expected_transitions": 9300
    },
    {
      "n_transitions": 3683,
      "alpha_mean": 2.041515142801655,
      "alpha_std": 0.14665363985962246,
      "beta_mean": 1.0102297736979247,
      "beta_std": 0.018456284495480695,
      "alpha_bias": 0.041515142801654914,
      "beta_bias": 0.01022977369792466,
      "success": 1.0,
      "scenario": "Minimum viable",
      "expected_transitions": 3720
    }
  ],
  "minimum_transitions_for_recovery": 3720,
  "go_nogo": {
    "correlation_ok": 1.0,
    "recovery_works": true
  }
}