{
  "version": "0.7.2.3",
  "test": "B",
  "description": "Autor-Dorn polarization: CSH_resid vs RSH (binary)",
  "sample": {
    "n_cz": 722,
    "n_periods": 3,
    "period": "1980-2005",
    "n_obs": 2166
  },
  "csh_validation": {
    "r_rsh_csh": 0.9999999999999877,
    "n_cz_with_csh": 722,
    "csh_resid_variance_retained": 0.5528939071909953
  },
  "outcomes": {
    "delta_service_share": {
      "model1": {
        "beta_rsh": 0.007785391639979899,
        "se_rsh": 0.0013950516456110553,
        "pvalue_rsh": 2.7026905583120633e-08,
        "r2": 0.1770583954557826,
        "n": 2166
      },
      "model2": {
        "beta_rsh": 0.00994158033077,
        "se_rsh": 0.001616389761996577,
        "pvalue_rsh": 9.211233763795779e-10,
        "beta_csh_resid": 0.05762676481948933,
        "se_csh_resid": 0.02190861444726488,
        "pvalue_csh_resid": 0.00859224869109679,
        "r2": 0.17974289706932212,
        "delta_r2": 0.002684501613539503,
        "f_pvalue": 0.00859224869110442,
        "n": 2166
      }
    },
    "delta_routine_share": {
      "model1": {
        "beta_rsh": -0.01514959481716718,
        "se_rsh": 0.000981728463541534,
        "pvalue_rsh": 5.425613085017959e-51,
        "r2": 0.3827621638726886,
        "n": 2166
      },
      "model2": {
        "beta_rsh": -0.022754428828232684,
        "se_rsh": 0.0010916718740456703,
        "pvalue_rsh": 6.655914230467685e-88,
        "beta_csh_resid": -0.20324843689182892,
        "se_csh_resid": 0.014796566245165533,
        "pvalue_csh_resid": 3.4261193484723543e-41,
        "r2": 0.4333389171802916,
        "delta_r2": 0.05057675330760303,
        "f_pvalue": 1.1102230246251565e-16,
        "n": 2166
      }
    },
    "delta_clericretail_share": {
      "model1": {
        "beta_rsh": -0.011672869924737603,
        "se_rsh": 0.0012984076515948784,
        "pvalue_rsh": 5.341532360284527e-19,
        "r2": 0.2596364178370383,
        "n": 2166
      },
      "model2": {
        "beta_rsh": -0.018183816450251515,
        "se_rsh": 0.0014807750201626354,
        "pvalue_rsh": 1.566374838064935e-33,
        "beta_csh_resid": -0.17401296360596943,
        "se_csh_resid": 0.020070486563718265,
        "pvalue_csh_resid": 8.43927144506443e-18,
        "r2": 0.2850586023714342,
        "delta_r2": 0.02542218453439593,
        "f_pvalue": 1.1102230246251565e-16,
        "n": 2166
      }
    },
    "delta_mgmtproftech_share": {
      "model1": {
        "beta_rsh": -0.0003489379350921196,
        "se_rsh": 0.0012082304024903139,
        "pvalue_rsh": 0.7727621041927738,
        "r2": 0.4130410050725136,
        "n": 2166
      },
      "model2": {
        "beta_rsh": 0.00021117940784390853,
        "se_rsh": 0.0014020107365442017,
        "pvalue_rsh": 0.8802850426442492,
        "beta_csh_resid": 0.014969817127121551,
        "se_csh_resid": 0.01900291216886452,
        "pvalue_csh_resid": 0.4309228623244533,
        "r2": 0.4132132585416438,
        "delta_r2": 0.00017225346913019024,
        "f_pvalue": 0.430922862324264,
        "n": 2166
      }
    },
    "delta_operator_share": {
      "model1": {
        "beta_rsh": -0.008824832710548616,
        "se_rsh": 0.001244260173631748,
        "pvalue_rsh": 1.789621841931967e-12,
        "r2": 0.31272190845743164,
        "n": 2166
      },
      "model2": {
        "beta_rsh": -0.013835543166394976,
        "se_rsh": 0.001427952366394375,
        "pvalue_rsh": 9.43626553363714e-22,
        "beta_csh_resid": -0.13391733026472963,
        "se_csh_resid": 0.019354526104985396,
        "pvalue_csh_resid": 5.999513259597444e-12,
        "r2": 0.3279417597394092,
        "delta_r2": 0.015219851281977559,
        "f_pvalue": 5.9995342027718834e-12,
        "n": 2166
      }
    }
  },
  "interpretation_matrix": {
    "delta_service_share": "0",
    "delta_routine_share": "+",
    "delta_clericretail_share": "+",
    "delta_mgmtproftech_share": "0",
    "delta_operator_share": "+"
  },
  "summary": {
    "plus": 3,
    "minus": 0,
    "zero": 2
  }
}