{
  "version": "0.7.7.3",
  "specification": "cosine_embed (centroid)",
  "pre_covid": {
    "alpha": 7.394105456246078,
    "se_alpha": 0.04406898979418537,
    "gamma": 0.146273363524061,
    "se_gamma": 0.005018660873609458,
    "ll": -124017.7554762265,
    "pseudo_r2": 0.1412300349469795,
    "n_transitions": 60225
  },
  "post_covid": {
    "alpha": 7.3577368148339515,
    "se_alpha": 0.0633980832791357,
    "gamma": 0.14446383991833567,
    "se_gamma": 0.007279411067783083,
    "ll": -60081.65929664847,
    "pseudo_r2": 0.1390874774182892,
    "n_transitions": 29104
  },
  "pooled": {
    "alpha": 7.398090437367403,
    "se_alpha": 0.03614721991773706,
    "gamma": 0.13896568137407272,
    "se_gamma": 0.004125813627501359,
    "ll": -184015.95427238525,
    "pseudo_r2": 0.14092161033452089,
    "n_transitions": 89329
  },
  "structural_break_test": {
    "chi2": 0.6705909503507428,
    "df": 2,
    "p_value": 0.7151267529294727,
    "delta_alpha": 0.006787617439844931,
    "se_delta_alpha": 0.07719247696217256,
    "delta_gamma": -0.006999590060164505,
    "se_delta_gamma": 0.008828391534566424
  },
  "alpha_pct_change": -0.49185992311489857
}