{
  "version": "0.7.7.7",
  "baseline": {
    "alpha": 7.393725148397965,
    "alpha_se": 0.03621603289873662,
    "beta": 0.14565772060358262,
    "beta_se": 0.004135032953700874,
    "pseudo_r2": 0.14105123467914316,
    "ll": -183988.18853207616,
    "n_transitions": 89329
  },
  "origin_excluded": {
    "alpha": 7.703819827579953,
    "alpha_se": 0.03697150420757325,
    "beta": 0.15404909071296533,
    "beta_se": 0.004158646095609192,
    "pseudo_r2": 0.14767001371509691,
    "ll": -182570.43555973875,
    "n_transitions": 89329
  },
  "delta_alpha_pct": 4.19402497331373,
  "delta_r2_pp": 0.6618779035953759,
  "origin_in_alternatives_pct": 2.2680204636792083
}