{
  "version": "0.6.8.3",
  "timestamp": "2025-12-16T00:28:26.832991",
  "task": "Path F Robustness: Asymmetric barriers specification tests",
  "baseline_ratio": 2.10986353641724,
  "baseline_ratio_se": 0.15781235492498824,
  "baseline_ratio_ci_95": [
    1.8005513207642627,
    2.419175752070217
  ],
  "delta_method_ci_95": [
    1.8005513207642627,
    2.419175752070217
  ],
  "variants": {
    "S1_baseline": {
      "alpha": 9.001173314721516,
      "alpha_se": 0.04349467866524312,
      "alpha_t": 206.94884043170117,
      "beta_up": 0.17080149493541652,
      "beta_up_se": 0.004562034153518969,
      "beta_up_t": 37.439766820611624,
      "beta_down": 0.08095381146093203,
      "beta_down_se": 0.00565591636792382,
      "beta_down_t": 14.313120314162042,
      "ratio": 2.10986353641724,
      "ratio_se": 0.15781235492498824,
      "ratio_ci_lower": 1.8005513207642627,
      "ratio_ci_upper": 2.419175752070217,
      "log_likelihood": -182930.29739936764,
      "n_transitions": 89329,
      "converged": true
    },
    "S2_zone_only": {
      "alpha": 8.910164865526697,
      "alpha_se": 0.04306872795758431,
      "alpha_t": 206.88247106582205,
      "beta_up": 0.2256666126508693,
      "beta_up_se": 0.006054768113032371,
      "beta_up_t": 37.2708926977965,
      "beta_down": 0.1655900239744402,
      "beta_down_se": 0.006903256297839877,
      "beta_down_t": 23.987233970475003,
      "ratio": 1.362803188468058,
      "ratio_se": 0.06756315894716547,
      "ratio_ci_lower": 1.2303793969316137,
      "ratio_ci_upper": 1.4952269800045024,
      "log_likelihood": -182840.3115231699,
      "n_transitions": 89329,
      "converged": true
    },
    "S3_log_dist": {
      "alpha": 3.2432664576961736,
      "alpha_se": 0.01911427841015894,
      "alpha_t": 169.67768220705776,
      "beta_up": 0.004796284807002692,
      "beta_up_se": 0.0023366603912896265,
      "beta_up_t": 2.0526238322358745,
      "beta_down": -0.06930927474746561,
      "beta_down_se": 0.0025953070243992767,
      "beta_down_t": -26.705616752032757,
      "ratio": -0.06920119745125561,
      "ratio_se": -0.03381296806462695,
      "ratio_ci_lower": -0.0029277800445867974,
      "ratio_ci_upper": -0.13547461485792442,
      "log_likelihood": -195906.48048128275,
      "n_transitions": 89329,
      "converged": true
    },
    "S4_squared_inst": {
      "alpha": 9.00398515807687,
      "alpha_se": 0.043037920764588025,
      "alpha_t": 209.2105054825378,
      "beta_up": 0.04374578123146182,
      "beta_up_se": 0.00121878296084705,
      "beta_up_t": 35.893003624745994,
      "beta_down": 0.020194413911573894,
      "beta_down_se": 0.0015103978455966143,
      "beta_down_t": 13.370261332435232,
      "ratio": 2.1662317818686523,
      "ratio_se": 0.17289438100049326,
      "ratio_ci_lower": 1.8273587951076855,
      "ratio_ci_upper": 2.505104768629619,
      "log_likelihood": -182877.78697449205,
      "n_transitions": 89329,
      "converged": true
    },
    "R1_thick_cells": {
      "alpha": 11.793536040803689,
      "alpha_se": 0.058986038930948136,
      "alpha_t": 199.9377522977897,
      "beta_up": 0.26770067105636863,
      "beta_up_se": 0.00636254303008717,
      "beta_up_t": 42.074477106161275,
      "beta_down": 0.09583643691154836,
      "beta_down_se": 0.007792866815124401,
      "beta_down_t": 12.297969307719843,
      "ratio": 2.7933078449425377,
      "ratio_se": 0.23663939827928698,
      "ratio_ci_lower": 2.329494624315135,
      "ratio_ci_upper": 3.2571210655699403,
      "log_likelihood": -101834.21535541257,
      "n_transitions": 56526,
      "converged": true
    },
    "R2_prime_age": {
      "alpha": 9.122794720059751,
      "alpha_se": 0.053167884625790245,
      "alpha_t": 171.5846847071012,
      "beta_up": 0.12552742563856917,
      "beta_up_se": 0.0055644239666826426,
      "beta_up_t": 22.558925486298843,
      "beta_down": 0.11178128236162206,
      "beta_down_se": 0.006804846877096428,
      "beta_down_t": 16.426715307562983,
      "ratio": 1.1229735693358496,
      "ratio_se": 0.08456627869981273,
      "ratio_ci_lower": 0.9572236630842166,
      "ratio_ci_upper": 1.2887234755874826,
      "log_likelihood": -123218.34797210322,
      "n_transitions": 60331,
      "converged": true
    },
    "R3_no_outliers": {
      "alpha": 9.333339609903417,
      "alpha_se": 0.07153272300608221,
      "alpha_t": 130.47650386676642,
      "beta_up": 0.016610808298546397,
      "beta_up_se": 0.00760731484539357,
      "beta_up_t": 2.183531066629204,
      "beta_down": 0.2910958471241781,
      "beta_down_se": 0.008749660645187203,
      "beta_down_t": 33.26938711437876,
      "ratio": 0.05706302052279166,
      "ratio_se": 0.026189592584754014,
      "ratio_ci_lower": 0.005731419056673799,
      "ratio_ci_upper": 0.10839462198890953,
      "log_likelihood": -69987.51195698368,
      "n_transitions": 34896,
      "converged": true
    }
  },
  "robustness_summary": {
    "n_variants_above_1.5": 3,
    "n_variants_total": 7,
    "min_ratio": -0.06920119745125561,
    "max_ratio": 2.7933078449425377,
    "ci_excludes_1": true
  },
  "conclusion": "fragile",
  "verdict": "Asymmetric finding is FRAGILE: Only 3/7 variants show ratio > 1.5"
}