{
  "n_transitions": 89329,
  "n_choice_rows": 982619,
  "alpha_coef": 2.9943958805021325,
  "alpha_se": 0.03039066219274495,
  "alpha_t": 98.53012946907664,
  "alpha_p": 0.0,
  "beta_coef": 0.21506697438122255,
  "beta_se": 0.003390940027624207,
  "beta_t": 63.423998250981995,
  "beta_p": 0.0,
  "log_likelihood": -205528.91923775626
}